Re-1001,1001-AHLY
Re-1002,1002-AHLY
Re-1003,1003-AHLY
Re-1005,1005-AHLY
Re-1006,1006-AHLY
Re-1008,1008-AHLY
Re-1011,1011-AHLY
Re-1012,1012-AHLY
Re-1013,1013-AHLY
Re-1015,1015-AHLY
Re-1016,1016-AHLY
Re-1018,1018-AHLY
re-1019,1019-AHLY
Re-1020,1020-AHLY
Re-1021,1021-AHLY
Re-1022,1022-AHLY
Re-1023,1023-AHLY
Re-1024,1024-AHLY
Re-1026,1026-AHLY
Re-1027,1027-AHLY
Re-1028,1028-AHLY
Re-1029,1029-AHLY
Re-1030,1030-AHLY
Re-1031,1031-AHLY
Re-1032,1032-AHLY
Re-1033,1033-AHLY
re-1034,1034-AHLY
Re-1035,1035-AHLY
Re-1036,1036-AHLY
Re-1037,1037-AHLY
RE-1041,1041-AHLY
Re-1042,1042-AHLY
Re-1043,1043-AHLY
Re-1044,1044-AHLY
Re-1045,1045-AHLY
Re-1046,1046-AHLY
Re-1047,1047-AHLY
Re-1048,1048-AHLY
Re-1049,1049-AHLY
Re-1050,1050-AHLY
Re-1058,1058-AHLY
Re-1061,1061-AHLY
Re-1062,1062-AHLY
Re-1063,1063-AHLY
Re-1064,1064-AHLY
Re-1065,1065-AHLY
Re-1066,1066-AHLY
Re-1067,1067-AHLY
Re-1068,1068-AHLY
Re-1069,1069-AHLY
Re-1070,1070-AHLY
Re-1071,1071-AHLY
Re-1072,1072-AHLY
Re-1073,1073-AHLY
Re-1074,1074-AHLY
Re-1075,1075-AHLY
Re-1076,1076-AHLY
Re-1077,1077-AHLY
Re-1078,1078-AHLY
Re-1079,1079-AHLY
Re-1080,1080-AHLY
Re-1081,1081-AHLY
Re-1082,1082-AHLY
Re-1083,1083-AHLY
Re-1084,1084-AHLY
Re-1085,1085-AHLY
Re-1086,1086-AHLY
Re-1087,1087-AHLY
Re-1088,1088-AHLY
re-1089,1089-AHLY
1090,1090-AHLY
Re-1093,1093-AHLY
Re-1094,1094-AHLY
1095,1095-AHLY
Re-1097,1097-AHLY
Re-1099,1099-AHLY
Re-1100,1100-AHLY
Re-1101,1101-AHLY
Re-1102,1102-AHLY
Re-1103,1103-AHLY
Re-1104,1104-AHLY
Re-1105,1105-AHLY
Re-1106,1106-AHLY
Re-1107,1107-AHLY
Re-1108,1108-AHLY
Re-1109,1109-AHLY
Re-1110,1110-AHLY
Re-1112,1112-AHLY
Re-1113,1113-AHLY
Re-1114,1114-AHLY
Re-1115,1115-AHLY
Re-1116,1116-AHLY
Re-1117,1117-AHLY
Re-1119,1119-AHLY
Re-1120,1120-AHLY
Re-1121,1121-AHLY
Re-1122,1122-AHLY
Re-1123,1123-AHLY
Re-1501,1501-AHLY
Re-1502,1502-AHLY
Re-1503,1503-AHLY
Re-1504,1504-AHLY
Re-1505,1505-AHLY
Re-1506,1506-AHLY
Re-1507,1507-AHLY
Re-1508,1508-AHLY
Re-1509,1509-AHLY
Re-1510,1510-AHLY
Re-1511,1511-AHLY
Re-1512,1512-AHLY
Re-1513,1513-AHLY
Re-1514,1514-AHLY
Re-1515,1515-AHLY
Re-1517,1517-AHLY
Re-1518,1518-AHLY
Re-1519,1519-AHLY
Re-1520,1520-AHLY
Re-1521,1521-AHLY
Re-1523,1523-AHLY
Re-1524,1524-AHLY
Re-1525,1525-AHLY
Re-1526,1526-AHLY
Re-1527,1527-AHLY
Re-1528,1528-AHLY
Re-1529,1529-AHLY
Re-1530,1530-AHLY
Re-1532,1532-AHLY
Re-1533,1533-AHLY
Re-1534,1534-AHLY
Re-2002,2002-AHLY
Re-2005,2005-AHLY
Re-2007,2007-AHLY
Re-2008,2008-AHLY
Re-2009,2009-AHLY
Re-2010,2010-AHLY
Re-2011,2011-AHLY
Re-2012,2012-AHLY
Re-2013,2013-AHLY
re-2014,2014-AHLY
Re-2015,2015-AHLY
Re-2016,2016-AHLY
Re-2017,2017-AHLY
Re-2018,2018-AHLY
Re-2019,2019-AHLY
Re-2020,2020-AHLY
Re-2021,2021-AHLY
Re-2022,2022-AHLY
Re-2023,2023-AHLY
Re-2024,2024-AHLY
Re-2025,2025-AHLY
re-2026,2026-AHLY
Re-2027,2027-AHLY
Re-2028,2028-AHLY
Re-2501,2501-AHLY
Re-2502,2502-AHLY
Re-2503,2503-AHLY
Re-2506,2506-AHLY
Re-2507,2507-AHLY
Re-2509,2509-AHLY
re-2510,2510-AHLY
Re-2511,2511-AHLY
Re-3001,3001-AHLY
Re-3002,3002-AHLY
Re-3003,3003-AHLY
Re-3005,3005-AHLY
Re-3006,3006-AHLY
Re-3007,3007-AHLY
Re-3008,3008-AHLY
Re-3009,3009-AHLY
Re-3010,3010-AHLY
Re-3011,3011-AHLY
Re-3012,3012-AHLY
Re-3013,3013-AHLY
Re-3014,3014-AHLY
Re-3015,3015-AHLY
Re-3016,3016-AHLY
Re-3017,3017-AHLY
Re-3018,3018-AHLY
Re-3019,3019-AHLY
Re-3020,3020-AHLY
Re-3021,3021-AHLY
Re-3022,3022-AHLY
Re-3023,3023-AHLY
Re-3024,3024-AHLY
Re-3025,3025-AHLY
Re-3026,3026-AHLY
Re-3027,3027-AHLY
Re-3028,3028-AHLY
Re-3501,3501-AHLY
Re-3502,3502-AHLY
Re-3503,3503-AHLY
Re-3504,3504-AHLY
Re-3506,3506-AHLY
Re-4001,4001-AHLY
Re-4003,4003-AHLY
Re-4004,4004-AHLY
Re-4005,4005-AHLY
Re-4008,4008-AHLY
Re-4009,4009-AHLY
Re-4010,4010-AHLY
Re-4011,4011-AHLY
Re-4012,4012-AHLY
Re-4013,4013-AHLY
Re-4014,4014-AHLY
Re-4015,4015-AHLY
Re-4016,4016-AHLY
Re-4017,4017-AHLY
Re-4501,4501-AHLY
Re-4502,4502-AHLY
Re-4503,4503-AHLY
Re-4504,4504-AHLY
Re-4505,4505-AHLY
Re-5003,5003-AHLY
Re-5006,5006-AHLY
re-5007,5007-AHLY
Re-5008,5008-AHLY
Re-5009,5009-AHLY
Re-6004,6004-AHLY
Re-6005,6005-AHLY
OUWH-7006,7006-AHLY
OUWH-7007,7007-AHLY
OUWH-7008,7008-AHLY
OUWH-7009,7009-AHLY
OUWH-7010,7010-AHLY
OUWH-7011,7011-AHLY
OUWH-7012,7012-AHLY
OUWH-7013,7013-AHLY
OUWH-7014,7014-AHLY
OUWH-7015,7015-AHLY
OUWH-7016,7016-AHLY
OUWH-7017,7017-AHLY
OUWH-7018,7018-AHLY
OUWH-7019,7019-AHLY
OUWH-7020,7020-AHLY
OUWH-7021,7021-AHLY
OUWH-7022,7022-AHLY
OUWH-7023,7023-AHLY
OUWH-7024,7024-AHLY
OUWH-7025,7025-AHLY
OUWH-7026,7026-AHLY
OUWH-7027,7027-AHLY
OUWH-7028,7028-AHLY
OUWH-7029,7029-AHLY
OUWH-7030,7030-AHLY
OUWH-7031,7031-AHLY
OUWH-7032,7032-AHLY
OUWH-7033,7033-AHLY
OUWH-7034,7034-AHLY
OUWH-7035,7035-AHLY
OUWH-7036,7036-AHLY
ouwh-7037,7037-AHLY
OUWH-7038,7038-AHLY
OUWH-7039,7039-AHLY
OUWH-7040,7040-AHLY
OUWH-7041,7041-AHLY
OUWH-7042,7042-AHLY
OUWH-7043,7043-AHLY
OUWH-7044,7044-AHLY
Re-8001,8001-AHLY
8009,8009-AHLY
re-8010,8010-AHLY
Re-8012,8012-AHLY
Re-8013,8013-AHLY
re-8014,8014-AHLY
Re-9002,9002-AHLY
Re-9005,9005-AHLY
Re-9006,9006-AHLY
Re-9007,9007-AHLY
Re-9010,9010-AHLY
Re-9011,9011-AHLY
Re-9012,9012-AHLY
Re-9013,9013-AHLY
Re-9014,9014-AHLY
Re-9015,9015-AHLY
Re-9016,9016-AHLY
Re-9017,9017-AHLY
Re-9018,9018-AHLY
Re-9021,9021-AHLY
Re-9022,9022-AHLY
Re-9023,9023-AHLY
Re-9024,9024-AHLY
Re-9025,9025-AHLY
Re-9026,9026-AHLY
Re-9027,9027-AHLY
Re-9028,9028-AHLY
Re-9029,9029-AHLY
Re-9030,9030-AHLY
Re-9031,9031-AHLY
Re-9032,9032-AHLY
Re-9033,9033-AHLY
Re-9034,9034-AHLY
Re-9035,9035-AHLY
OUWH-9036,9036-AHLY
DEEL-9038,9038-AHLY
Re-9039,9039-AHLY
DEEL-9044,9044-AHLY
RE-9045,9045-AHLY
Re-9047,9047-AHLY
re-9048,9048-AHLY
Re-9050,9050-AHLY
Re-9051,9051-AHLY
