Re-1019,1019-Visa
Re-1032,1032-visa
re-1034,1034-VISA
Re-1047,1047-visa
Re-1049,1049-visa
Re-1050,1050-visa
Re-1063,1063-visa
Re-1066,1066-VISA
Re-1067,1067-VISA
Re-1068,1068_VISA
Re-1069,1069_VISA
Re-1070,1070_VISA
Re-1071,1071-VISA
Re-1072,1072-VISA
Re-1073,1073-VISA
Re-1074,1074-VISA
Re-1075,1075-VISA
Re-1076,1076-Visa
Re-1077,1077-Visa
Re-1078,1078-Visa
Re-1079,1079-Visa
Re-1080,1080-Visa
Re-1081,1081-Visa
Re-1082,1082-Visa
Re-1083,1083-Visa
Re-1084,1084-Visa
Re-1085,1085-VISA
Re-1086,1086-VIsa
Re-1087,1087-VISA
Re-1088,1088-VISA
re-1089,1089-VISA
1090,1090-VISA
Re-1093,1093-Visa
Re-1094,1094-Visa
1095,1095-VISA
Re-1097,1097-VISA
Re-1099,1099-VISA
Re-109,109-VISA
Re-9026,10RamaVisa
Re-1100,1100-VISA
Re-1101,1101-VISA
Re-1102,1102-VISA
Re-1103,1103-VISA
Re-1104,1104-VISA
Re-1105,1105-VISA
Re-1106,1106-VISA
Re-1107,1107-VISA
Re-1108,1108-VISA
Re-1109,1109-VISA
Re-110,110-VISA
Re-1110,1110-VISA
Re-1112,1112-VISA
Re-1113,1113-VISA
Re-1114,1114-VISA
Re-1115,1115-VISA
Re-1116,1116-VISA
Re-1117,1117-VISA
Re-1118,1118-VISA
Re-1119,1119-VISA
Re-111,111-VISA
Re-1120,1120-VISA
Re-1121,1121-VISA
Re-1122,1122-VISA
Re-1123,1123-VISA
Re-112,112-VISA
Re-113,113-VISA
Re-114,114-VISA
Re-1501,1501 VISA
Re-1502,1502 VISA
Re-1503,1503 VISA
Re-1504,1504-VISA
Re-1505,1505-VISA
Re-1506,1506-VISA
Re-1507,1507-VISA
Re-1508,1508-VISA
Re-1509,1509-VISA
Re-1510,1510-VISA
Re-1511,1511-VISA
Re-1512,1512-VISA
Re-1513,1513-VISA
Re-1514,1514-VISA
Re-1515,1515-VISA
Re-1517,1517-VISA
Re-1518,1518-VISA
Re-1519,1519-VISA
Re-1520,1520-VISA
Re-1521,1521-Visa
Re-1523,1523-VISA
Re-1524,1524-Visa
Re-1525,1525-VISA
Re-1526,1526-Visa
Re-1527,1527-Visa
re-1528,1528-VISA
Re-1529,1529-Visa
Re-1530,1530-Visa
Re-1532,1532-VISA
Re-1533,1533-VISA
Re-1534,1534-VISA
Re-2005,2005-VISA
re-2007,2007-VISA
re-2008,2008-VISA
Re-2019,2019_VISA
Re-2020,2020-VISA
Re-2021,2021-VISA
Re-2022,2022-Visa
Re-2023,2023-Visa
re-2024,2024-Visa
Re-2025,2025-Visa
re-2026,2026-VISA
Re-2027,2027-VISA
Re-2028,2028-VISA
Re-203,203-VISA
Re-204,204-VISA
Re-2501,2501-VISA
Re-2502,2502-VISA
Re-2503,2503-VISA
Re-2506,2506-Visa
Re-2507,2507-Visa
Re-2509,2509-Visa
re-2510,2510-Visa
Re-2511,2511-VISA
Re-1021,26J-VISA
re-3003,3003-VISA
Re-3005,3005-VIS
Re-3009,3009-VISA
Re-3024,3024_Visa
Re-3025,3025-Visa
re-3026,3026-VISA
Re-3027,3027-VISA
Re-3028,3028-VISA
Re-302,302-VISA
Re-303,303-VISA
Re-304,304-VISA
Re-3501,3501-VISA
Re-3502,3502-VISA
Re-3503,3503-VISA
Re-3504,3504-Visa
Re-3506,3506-Visa
Re-4017,4017-VISA
Re-403,403-VISA
Re-404,404-VISA
Re-405,405-VISA
Re-4501,4501-Visa
Re-4502,4502-Visa
Re-4503,4503-Visa
Re-4504,4504-Visa
Re-4505,4505-VISA
Re-5007,5007-VISA
Re-5009,5009-VISA
Re-6004,6004-VISA
Re-6005,6005-VISA
OUWH-7001,7001-Visa
OUWH-7003,7003-Visa
OUWH-7006,7006-VISA
OUWH-7007,7007-Visa
OUWH-7008,7008-VISA
OUWH-7009,7009-visa
OUWH-7010,7010-VISA
OUWH-7011,7011-VISA
OUWH-7012,7012-VISA
OUWH-7013,7013-VISA
OUWH-7014,7014-VISA
OUWH-7015,7015-VISA
OUWH-7016,7016-VISA
OUWH-7017,7017-VISA
OUWH-7018,7018-VISA
OUWH-7019,7019-VISA
OUWH-7020,7020-VISA
OUWH-7021,7021-VISA
OUWH-7022,7022-VISA
OUWH-7023,7023-VISA
OUWH-7024,7024-VISA
OUWH-7025,7025-VISA
OUWH-7026,7026-VISA
OUWH-7027,7027-VISA
OUWH-7028,7028-VISA
OUWH-7029,7029-VISA
OUWH-7030,7030-VISA
OUWH-7031,7031-VISA
OUWH-7032,7032-VISA
OUWH-7033,7033-Visa
OUWH-7034,7034-Visa
OUWH-7035,7035-Visa
OUWH-7036,7036-Visa
OUWH-7037,7037-Visa
OUWH-7038,7038-Visa
OUWH-7039,7039-Visa
OUWH-7040,7040-Visa
OUWH-7041,7041-Visa
OUWH-7042,7042-Visa
OUWH-7043,7043-VISA
OUWH-7044,7044-VISA
OUWH-7779,7779-VISA
re-8001,8001-VISA
Re-8003,8003_VISA
Re-8012,8012-VISA
Re-8013,8013-Visa
Re-8014,8014-VISA
Re-8015,8015-Visa
Re-9005,9005-VISA
Re-9007,9007-VISA
Re-9011,9011-VISA
Re-9025,9025-VISA
Re-9027,9027_VISA
Re-9028,9028-VISA
Re-9030,9030-VISA
Re-9031,9031_VISA
Re-9032,9032-VISA
Re-9033,9033-VISA
Re-9034,9034-VISA
Re-9035,9035-VISA
OUWH-9036,9036-VISA
OUWH-9037,9037-VISA
DEEL-9038,9038-VISA
Re-9039,9039-Visa
DEEL-9044,9044-VISA
Re-9045,9045-Visa
Re-9047,9047-VISA
Re-9050,9050-VISA
Re-9051,9051-VISA
Re-2009,AGM-VISA
Re-1001,AKD-VISA
Re-2014,ALL-VISA
Re-1046,ALMZA-Visa
Re-2013,ALS-VISA
Re-1006,ANM-VISA
Re-2011,ASF-VISA
Re-4009,ASM-VISA
Re-4003,AST-VISA
Re-4012,AWM-VISA
Re-1031,BEH-VISA
Re-7003,BHM-VISA
Re-3010,BNH-VISA
Re-4001,BNS-VISA
Re-105,BOGV-VISA
Re-2016,BTSH-VISA
Re-1058,BTS-VISA
Re-9014,CRW-VISA
Re-3002,DAM-VISA
Re-9029,DBanh-Visa
Re-3013,DBS-VISA
Re-3011,DDK-VISA
Re-1043,DES-VISA
Re-3019,DOM-VISA
Re-3012,DQS-VISA
Re-3017,DSK-VISA
Re-3014,DTM-VISA
Re-1035,ETG-VISA
Re-3016,FKS-VISA
Re-1036,FLG-VISA
Re-1018,FSL-VISA
Re-4008,FYM-VISA
Re-5003,GON-VISA
Re-1045,GSR-VISA
Re-1003,HDK-VISA
Re-1012,HLW-VISA
re-8010,HQC-VISA
8009,HQT-VISA
Re-1024,IMB-VISA
Re-3015,IS2-VISA
Re-1037,KNT-VISA
Re-1022,KSN-VISA
Re-4010,LUX-VISA
Re-1015,MAD-VISA
Re-2018,Masa-Visa
Re-1030,MD2-VISA
Re-1027,MGS-VISA
Re-1008,MKR-VISA
Re-4014,MLW-VISA
Re-2010,MNC-VISA
Re-4011,MNI-VISA
Re-3006,MNS-VISA
Re-1028,MOA-VISA
Re-1029,MOC-VISA
Re-1042,MOE-VISA
Re-1013,MOK-VISA
Re-1010,MSG-VISA
Re-3021,NDOM-VISA
Re-4013,NGA-VISA
Re-4016,NSoha-Visa
Re-1005,NZH-VISA
Re-1016,ORB-VISA
Re-402,OUASS-Visa
Re-401,OUASW-Visa
Re-202,OUBNH-Visa
Re-101,OUHQ2-Visa
Re-104,OUMOH-Visa
Re-107,OuOCT-Visa
Re-108,OUSHU-Visa
Re-501,OUZAG-Visa
Re-3023,PRsa-Visa
Re-4005,QNA-VISA
Re-9022,QNAWH-Visa
Re-5008,RAS-VISA
Re-1011,RHB-VISA
Re-1002,RXY-VISA
Re-3020,SAD-VISA
Re-3007,SBK-VISA
Re-9012,SCW-VISA
Re-2002,sdg-VISA
Re-1026,SDN-VISA
Re-1023,SHB-VISA
Re-1048,SHU-VISA
Re-1044,SKY-VISA
Re-1020,SNY-VISA
Re-4004,SOH-VISA
Re-5006,SRM-VISA
Re-2012,SSM-VISA
Re-2015,SUF-VISA
Re-3008,SUZ-VISA
Re-3018,SZM-VISA
Re-3022,Tant-VISA
Re-3001,TNT-VISA
Re-2017,VISA-AMWAJ
Re-4015,VISA-Assui
Re-1062,VISA-El Am
Re-1065,VISA-ELMAT
Re-1061,VISA-ElSay
Re-1064,Zahr-VISA
Re-1041,ZHR-VISA
Re-1033,ZYN-VISA
