OUWH-7006,7006-CASH
OUWH-7007,7007-Cash
OUWH-7008,7008-Cash
OUWH-7009,7009-CASH
OUWH-7010,7010-CASH
OUWH-7011,7011-Cash
OUWH-7012,7012-CASH
OUWH-7013,7013-CASH
OUWH-7014,7014-CASH
OUWH-7015,7015-CASH
OUWH-7016,7016-CASH
OUWH-7017,7017-CASH
OUWH-7018,7018-CASH
OUWH-7019,7019-CASH
OUWH-7020,7020-CASH
OUWH-7021,7021-CASH
OUWH-7022,7022-CASH
OUWH-7023,7023-CASH
OUWH-7024,7024-CASH
OUWH-7025,7025-CASH
OUWH-7026,7026-CASH
OUWH-7027,7027-CASH
OUWH-7028,7028-CASH
OUWH-7029,7029-CASH
OUWH-7030,7030-CASH
OUWH-7033,7033-Cash
OUWH-7034,7034-Cash
OUWH-7035,7035-Cash
OUWH-7036,7036-Cash
OUWH-7037,7037-Cash
OUWH-7038,7038-Cash
OUWH-7039,7039-Cash
OUWH-7040,7040-Cash
OUWH-7041,7041-Cash
OUWH-7042,7042-Cash
ouwh-7043,7043-CASH
OUWH-9036,9036-CASH
Re-1001,AKD-CASH
Re-1002,RXY-CASH
Re-1003,HDK-CASH
Re-1005,NZH-CASH
Re-1006,ANM-CASH
Re-1008,MKR-CASH
Re-1010,MSG-CASH
Re-1011,RHB-CASH
Re-1012,HLW-CASH
Re-1013,MOK-CASH
Re-1015,MAD-CASH
Re-1016,ORB-CASH
Re-1018,FSL-CASH
Re-1019,HRM-CASH
Re-1020,SNY-CASH
Re-1020,1020-CIB
Re-1021,26J-CASH
Re-1022,KSN-CASH
Re-1023,SHB-CASH
Re-1024,IMB-CASH
Re-1024,1024-CIB
Re-1026,SDN-CASH
Re-1027,MGS-CASH
Re-1028,MOA-CASH
Re-1029,MOC-CASH
Re-1030,MD2-CASH
Re-1031,BEH-CASH
Re-1033,ZYN-CASH
re-1034,BOL-CASH
Re-1034,1034-CIB
Re-1035,ETG-CASH
Re-1036,FLG-CASH
Re-1037,KNT-CASH
Re-1041,ZHR-CASH
Re-1041,1041-Cash
Re-1042,MOE-CASH
Re-1043,DES-CASH
Re-1044,SKY-CASH
Re-1045,GSR-CASH
Re-1046,ALMZA-CASH
Re-1047,Shms2-CASH
Re-1048,SHU-CASH
Re-1049,Obour-CASH
Re-1050,HMamo-Cash
Re-1058,BTS-CASH
Re-1061,Cash-ElSay
Re-1062,Cash-El Am
Re-1063,NImba Cash
Re-1064,Zahr-Cash
Re-1065,Cash-ElMat
Re-1066,1066-CAsh
Re-1067,1067-CASH
Re-1068,1068_CASH
Re-1069,1069_CASH
Re-1070,1070_CASH
Re-1071,1071-Cash
Re-1072,1072-CASH
Re-1073,1073-CASH
Re-1074,1074_Cash
Re-1075,1075-Cash
Re-1076,1076-Cash
Re-1077,1077-Cash
Re-1078,1078-Cash
Re-1079,1079-Cash
Re-1080,1080-Cash
Re-1081,1081-Cash
Re-1082,1082-Cash
Re-1083,1083-Cash
Re-1084,1084-Cash
Re-1085,1085-Cash
Re-1086,1086-Cash
Re-1087,1087-CASH
Re-1088,1088-CASH
Re-1089,1089-CASH
Re-1093,1093-Cash
Re-1094,1094-Cash
Re-1099,1099-CASH
Re-1099,1099-VISA
Re-1099,1099-CIB
re-1100,1100-CASH
Re-1101,1101-CASH
Re-1102,1102-CAsh
Re-1103,1103-CAsh
Re-1104,1104-CASH
Re-1501,1501 CASH
Re-1502,1502 Cash
Re-1503,1503 Cash
Re-1504,1504-Cash
Re-1505,1505-CASH
Re-1506,1506-cash
Re-1507,1507-CASH
Re-1508,1508-Cash
Re-1509,1509-Cash
Re-1510,1510-CASH
Re-1510,1510-CIB
Re-1511,1511-CASH
Re-1512,1512-CASH
Re-1512,1512-CIB
Re-1513,1513-CIB
Re-1513,1513_Cash
Re-1514,1514-Cash
Re-1515,1515-Cash
Re-1515,1515-CIB
Re-1517,1517-CASH
Re-1518,1518-CASH
Re-1519,1519-CASH
Re-1520,1520-CASH
Re-1521,1521-Cash
Re-1523,1523- Cash
Re-1524,1524-Cash
Re-1525,1525-CASH
Re-1526,1526-Cash
Re-1527,1527-cash
Re-1528,1528-Cash
re-1528,1528-CIB
Re-1529,1529-Cash
Re-1530,1530-Cash
Re-1532,1532-Cash
Re-1533,1533-CASH
Re-1534,1534-CASH
Re-2002,sdg-CASH
Re-2005,WNG-CASH
Re-2005,2005-VISA
Re-2005,2005-CIB
re-2007,2007-VISA
re-2007,2007-CIB
Re-2007,MRK-CASH
Re-2008,MRN-CASH
re-2008,2008-VISA
re-2008,2008-CIB
Re-2009,AGM-CASH
Re-2010,MNC-CASH
Re-2011,ASF-CASH
Re-2012,SSM-CASH
Re-2013,ALS-CASH
Re-2014,ALL-CASH
Re-2015,SUF-CASH
Re-2016,BTASH-CASH
Re-2017,Cash-AMWAJ
Re-2018,Masa-Cash
Re-2019,2019_CASH
Re-2020,2020-CASH
Re-2021,2021-CASH
Re-2022,2022-Cash
Re-2023,2023-Cash
re-2024,2024-Cash
Re-2025,2025-Cash
re-2026,2026-CASH
re-2027,2027-CASH
Re-2027,2027-VISA
re-2028,2028-CASH
Re-2501,2501-Cash
Re-2502,2502-CASH
Re-2503,2503-Cash
Re-2506,2506-Cash
Re-2507,2507-Cash
Re-2509,2509-Cash
re-2510,2510-Cash
Re-2511,2511-CASH
Re-3001,TNT-CASH
Re-3002,DAM-CASH
Re-3003,MHL-CASH
Re-3005,ISM-CASH
Re-3006,MNS-CASH
Re-3007,SBK-CASH
Re-3008,SUZ-CASH
Re-3009,ZGZ-CASH
Re-3010,BNH-CASH
Re-3011,DDK-CASH
Re-3012,DQS-CASH
Re-3013,DBS-CASH
Re-3014,DTM-CASH
Re-3015,IS2-CASH
Re-3016,FKS-CASH
Re-3017,DSK-CASH
Re-3018,SZM-CASH
Re-3019,DOM-CASH
Re-3020,SAD-CASH
Re-3021,NDOM-CASH
Re-3022,Tanta-CASH
Re-3023,PorSa-CASH
Re-3024,3024_Cash
Re-3025,3025-Cash
re-3026,3026-CASH
re-3027,3027-CASH
Re-3501,3501-CASH
Re-3501,3501-CIB
Re-3502,3502-CASH
Re-3503,3503-Cash
Re-3503,3503-CIB
Re-3504,3504-Cash
Re-3506,3506-Cash
Re-4001,BNS-CASH
Re-4003,AST-CASH
Re-4003,4003-CIB
Re-4004,SOH-CASH
Re-4005,QNA-CASH
Re-4008,FYM-CASH
Re-4009,ASM-CASH
Re-4010,LUX-CASH
Re-4011,MNI-CASH
Re-4012,AWM-CASH
Re-4013,NGA-CASH
Re-4014,MLW-CASH
Re-4015,Cash-Assui
Re-4016,NSoha-CASH
Re-4017,4017-Cash
Re-4501,4501-Cash
Re-4502,4502-Cash
Re-4503,4503-Cash
Re-4504,4504-Cash
Re-4505,4505-CASH
Re-5003,GON-CASH
Re-5006,SRM-CASH
Re-5007,DHR-CASH
Re-5008,RAS-CASH
Re-5009,5009-CASH
Re-7003,BHM-CASH
Re-8001,CRS-CASH
Re-8001,8001-CIB
re-8010,HQC-CASH
Re-8011,BGV-CASH
Re-8011,8011-CIB
Re-8012,8012-VISA
Re-8013,8013-CASH
Re-8014,8014-Cash
Re-9002,9002-CIB
Re-9005,AXW-CASH
Re-9006,9006-CIB
Re-9007,9007-CASH
Re-9010,9010-CIB
Re-9011,9011-CASH
Re-9012,SCW-CASH
Re-9012,9012-CIB
Re-9013,9013-CIB
Re-9014,CRW-CASH
Re-9015,9015-CIB
Re-9017,9017-CIB
Re-9018,9018-CIB
Re-9022,QNW-CASH
Re-9023,9023-CIB
Re-9024,9024-CIB
Re-9025,9025-Cash
Re-9026,RMDN-CASH
Re-9027,9027_Cash
Re-9028,9028-VISA
Re-9028,9028-CIB
Re-9029,DBan-Cash
Re-9030,9030-CASH
Re-9031,9031-CASH
Re-9032,9032_Cash
Re-9033,9033-CASH
Re-9033,9033-CIB
Re-9039,9039-Cash
Re-9045,9045-Cash
Re-9047,9047-CASH